{
  "Workflows": [
    {
      "Path": null,
      "SortBy": 0,
      "VariablesSectionElementsOrder": [],
      "ArgumentsSectionElementsOrder": null,
      "ConstantsSectionElementsOrder": [],
      "AddedNamespaces": null
    },
    {
      "Path": "Main.xaml",
      "SortBy": 0,
      "VariablesSectionElementsOrder": [
        "dt_CSV&Sequence_1"
      ],
      "ArgumentsSectionElementsOrder": [],
      "ConstantsSectionElementsOrder": [],
      "AddedNamespaces": null
    },
    {
      "Path": "Read_Excel.xaml",
      "SortBy": 0,
      "VariablesSectionElementsOrder": [
        "str_SeqName&Sequence_2",
        "str_WorkflowName&Sequence_1"
      ],
      "ArgumentsSectionElementsOrder": [],
      "ConstantsSectionElementsOrder": [],
      "AddedNamespaces": null
    },
    {
      "Path": "CSV_File.xaml",
      "SortBy": 0,
      "VariablesSectionElementsOrder": [
        "str_WorkflowName&Sequence_1",
        "str_SeqName&Sequence_2",
        "arr_KillProcess&Sequence_2",
        "str_SeqName&Sequence_3",
        "str_WebUrl&Sequence_3",
        "str_FilePath&Sequence_3",
        "bool_FileExist&Sequence_3",
        "bool_FileExistCheck&Sequence_9",
        "str_WorkflowName&Sequence_4"
      ],
      "ArgumentsSectionElementsOrder": [
        "out_dt_CSV"
      ],
      "ConstantsSectionElementsOrder": [],
      "AddedNamespaces": null
    },
    {
      "Path": "Veri_Girisleri.xaml",
      "SortBy": 0,
      "VariablesSectionElementsOrder": [
        "str_WorkflowName&Sequence_1",
        "str_WebUrl&Sequence_1",
        "str_NonDisclosure&Sequence_2",
        "str_Offers&Sequence_2",
        "str_Email&Sequence_2",
        "str_Zip&Sequence_2",
        "str_State&Sequence_2",
        "str_City&Sequence_2",
        "str_StreetAddress&Sequence_2",
        "str_PrimaryContact&Sequence_2",
        "str_CustomerId&Sequence_2",
        "str_CompanyName&Sequence_2"
      ],
      "ArgumentsSectionElementsOrder": [
        "in_dt_CSV"
      ],
      "ConstantsSectionElementsOrder": [],
      "AddedNamespaces": null
    }
  ]
}